{"train_loss": 0.07483668249627255, "train_accuracy": 0.9222474343848951, "train_mIoU": 0.8163126851368553, "val_loss": 0.08905105288295696, "val_accuracy": 0.908265414237976, "val_mIoU": 0.7991171800108681, "_timestamp": 1705385455.740696, "_runtime": 46453.3813290596, "_step": 49, "_wandb": {"runtime": 46454}}