{"train_loss": 0.5511809425827648, "train_accuracy": 0.9744259066854664, "train_mIoU": 0.9238272974387667, "val_loss": 0.2735259688305684, "val_accuracy": 0.8450909142542367, "val_mIoU": 0.6763546400512761, "_timestamp": 1694271248.649647, "_runtime": 46090.96589708328, "_step": 49, "_wandb": {"runtime": 46097}}