{"train_loss": 0.5622711923744096, "train_accuracy": 0.6285977607981078, "train_mIoU": 0.4058087911017319, "val_loss": 0.5544058119859359, "val_accuracy": 0.6270521497886992, "val_mIoU": 0.41776802962018134, "_timestamp": 1693546727.6704, "_runtime": 4550.45706486702, "_step": 1, "_wandb": {"runtime": 4790}}