{"train_loss": 5.7293389808563955, "train_accuracy": 0.7895810094791273, "train_mIoU": 0.5891935691550848, "val_loss": 0.3169358976574157, "val_accuracy": 0.8382274486400463, "val_mIoU": 0.6782634431139472, "_timestamp": 1700760396.6623662, "_runtime": 3208.1434650421143, "_step": 0, "_wandb": {"runtime": 3219}}