{"train_loss": 0.1430501319409487, "train_accuracy": 0.9023631549354265, "train_mIoU": 0.775147825521782, "val_loss": 0.1868612075373891, "val_accuracy": 0.8636420171051571, "val_mIoU": 0.7247917546400213, "_timestamp": 1692765786.4894922, "_runtime": 7102.99586224556, "_step": 9}