{"train_loss": 0.14840166260698429, "train_accuracy": 0.8988535817178769, "train_mIoU": 0.7682619096781157, "val_loss": 0.19082687284238362, "val_accuracy": 0.8704897383342816, "val_mIoU": 0.731565900402271, "_timestamp": 1692764558.548784, "_runtime": 5875.055154085159, "_step": 7}