{"train_loss": 0.13164302213636625, "train_accuracy": 0.9148179895191928, "train_mIoU": 0.799504790290893, "val_loss": 0.21356201439725803, "val_accuracy": 0.8580421025415291, "val_mIoU": 0.7108468720329997, "_timestamp": 1692791632.7298646, "_runtime": 32949.23623466492, "_step": 49, "_wandb": {"runtime": 32948}}