{"train_loss": 0.565188588919463, "train_accuracy": 0.8879007410120081, "train_mIoU": 0.7843931860385143, "val_loss": 2.93724547548497, "val_accuracy": 0.695360873607879, "val_mIoU": 0.3599120679264059, "_timestamp": 1692091920.7153199, "_runtime": 1233.288629770279, "_step": 49, "_wandb": {"runtime": 1241}}