{"train_loss": 1.2063881108054408, "train_accuracy": 0.7934258715311686, "train_mIoU": 0.5827336944990218, "val_loss": 1.9502990566327603, "val_accuracy": 0.661273404527277, "val_mIoU": 0.3306367022636385, "_timestamp": 1692022067.8454053, "_runtime": 19092.526676416397, "_step": 49, "_wandb": {"runtime": 19098}}