{"train_loss": 0.561355514794073, "train_accuracy": 0.9689234341278339, "train_mIoU": 0.48446171706391694, "val_loss": 0.4106909649963489, "val_accuracy": 0.9709014453843301, "val_mIoU": 0.48545072269216505, "_timestamp": 1705916989.6779277, "_runtime": 9760.200475692749, "_step": 1, "_wandb": {"runtime": 10382}}