{"train_loss": 0.07920269546625407, "train_accuracy": 0.9415189006482342, "train_mIoU": 0.8301154517814345, "val_loss": 0.16090495507025884, "val_accuracy": 0.8898070610894098, "val_mIoU": 0.7384713609419724, "_timestamp": 1705490931.5188289, "_runtime": 20704.438958883286, "_step": 49, "_wandb": {"runtime": 20706}}