{"train_loss": 0.5112477563045643, "train_accuracy": 0.44434275450529875, "train_mIoU": 0.28562839445794974, "val_loss": 0.48412336123750566, "val_accuracy": 0.34789714407413563, "val_mIoU": 0.20300997581316504, "_timestamp": 1692165523.05679, "_runtime": 31.756468057632446, "_step": 1, "_wandb": {"runtime": 40}}