{"train_loss": 3.2402656826057603, "train_accuracy": 0.8997712525989605, "train_mIoU": 0.7709921800850758, "val_loss": 0.26258194410188834, "val_accuracy": 0.8798582899048674, "val_mIoU": 0.7523451521471376, "_timestamp": 1700491512.5246813, "_runtime": 4885.628218412399, "_step": 3, "_wandb": {"runtime": 5895}}