{"train_loss": 3.249031812928262, "train_accuracy": 0.8995864788245227, "train_mIoU": 0.7707301892881204, "val_loss": 0.24577431634745814, "val_accuracy": 0.8648625447693898, "val_mIoU": 0.7363976136176664, "_timestamp": 1700549363.9294035, "_runtime": 56807.02636742592, "_step": 49, "_wandb": {"runtime": 56828}}