{"train_loss": 4.845493842254985, "train_accuracy": 0.8402165826588812, "train_mIoU": 0.6636526503884344, "val_loss": 0.31445221595390876, "val_accuracy": 0.842271069484929, "val_mIoU": 0.6821850718620353, "_timestamp": 1701783751.0830193, "_runtime": 5627.821984291077, "_step": 2}