{"train_loss": 1.3123536154075905, "train_accuracy": 0.7358306955408167, "train_mIoU": 0.554759033846929, "val_loss": 1.9946608010758744, "val_accuracy": 0.690709540184508, "val_mIoU": 0.3623610005549991, "_timestamp": 1692080992.623819, "_runtime": 334.8961851596832, "_step": 38, "_wandb": {"runtime": 336}}