{"train_loss": 2.506425584976872, "train_accuracy": 0.8897449166597251, "train_mIoU": 0.7518986963966887, "val_loss": 0.16921014849861662, "val_accuracy": 0.868542928085584, "val_mIoU": 0.7384125416046448, "_timestamp": 1699421144.4408345, "_runtime": 31767.478408575058, "_step": 29, "_wandb": {"runtime": 31783}}