{"train_loss": 2.816931539969075, "train_accuracy": 0.8790665275810633, "train_mIoU": 0.7317420934438976, "val_loss": 0.18516731069670983, "val_accuracy": 0.8635292406435366, "val_mIoU": 0.727275461221474, "_timestamp": 1699399968.1295717, "_runtime": 10591.167145729065, "_step": 8}