{"train_loss": 0.38032294313112897, "train_accuracy": 0.5678668198762117, "train_mIoU": 0.35703371814122925, "val_loss": 0.3815092919988835, "val_accuracy": 0.6247769619556184, "val_mIoU": 0.36824093058116525, "_timestamp": 1692164263.4064763, "_runtime": 60.33175230026245, "_step": 7, "_wandb": {"runtime": 61}}