{"train_loss": 1.2271885596497247, "train_accuracy": 0.8195526063821309, "train_mIoU": 0.6312168535868609, "val_loss": 0.9191812791715946, "val_accuracy": 0.8473190792583962, "val_mIoU": 0.7044370457683512, "_timestamp": 1692688360.3856118, "_runtime": 783.5200297832489, "_step": 0}