{"train_loss": 3.827964265759175, "train_accuracy": 0.8758904840888047, "train_mIoU": 0.7347684832870491, "val_loss": 0.28525429470309366, "val_accuracy": 0.8543799018859863, "val_mIoU": 0.6875176954917663, "_timestamp": 1701904031.503523, "_runtime": 37336.35267710686, "_step": 29, "_wandb": {"runtime": 37348}}