{"train_loss": 5.729326385827291, "train_accuracy": 0.7895819617263218, "train_mIoU": 0.5891953956723253, "val_loss": 0.3169407083994712, "val_accuracy": 0.8382246711037376, "val_mIoU": 0.6782558831126984, "_timestamp": 1700727278.1895084, "_runtime": 3213.163878440857, "_step": 0, "_wandb": {"runtime": 3224}}