{"train_loss": 3.638767622411251, "train_accuracy": 0.8840982762778677, "train_mIoU": 0.7455909060732515, "val_loss": 0.2719549788162112, "val_accuracy": 0.8633555618921915, "val_mIoU": 0.7025511859876732, "_timestamp": 1701955850.3599367, "_runtime": 29154.520744800568, "_step": 22, "_wandb": {"runtime": 30048}}