{"train_loss": 0.8355787951416439, "train_accuracy": 0.8485244355378327, "train_mIoU": 0.6651050193136993, "val_loss": 2.0288643549819567, "val_accuracy": 0.6682305150192016, "val_mIoU": 0.430198888644173, "_timestamp": 1692160793.4608188, "_runtime": 68784.43115186691, "_step": 28, "_wandb": {"runtime": 69518}}