{"train_loss": 2.578397326348793, "train_accuracy": 0.9190112912070648, "train_mIoU": 0.8100286237954617, "val_loss": 0.2750574453147473, "val_accuracy": 0.8674229098490192, "val_mIoU": 0.7391019415451763, "_timestamp": 1700255722.5505059, "_runtime": 55879.36473083496, "_step": 49, "_wandb": {"runtime": 55897}}