{"train_loss": 0.5243885964155197, "train_accuracy": 0.5116934799566502, "train_mIoU": 0.33939013416398467, "val_loss": 0.5475245716671149, "val_accuracy": 0.5479790353775025, "val_mIoU": 0.3740853641443118, "_timestamp": 1703222734.9422925, "_runtime": 497.30519437789917, "_step": 1, "_wandb": {"runtime": 655}}