{"train_loss": 3.475302697558488, "train_accuracy": 0.8917799816566864, "train_mIoU": 0.7556838060995048, "val_loss": 0.27087915451062045, "val_accuracy": 0.8571323080094977, "val_mIoU": 0.7214408081352124, "_timestamp": 1700825107.4595153, "_runtime": 64660.61508536339, "_step": 29, "_wandb": {"runtime": 64674}}