{"train_loss": 0.03276940528579332, "train_accuracy": 0.7780823686387803, "train_mIoU": 0.38904118431939017, "val_loss": 0.03738594066819739, "val_accuracy": 0.7230698557092786, "val_mIoU": 0.3615349278546393, "_timestamp": 1692615762.1904755, "_runtime": 19739.169691562653, "_step": 15, "_wandb": {"runtime": 20143}}