{"train_loss": 1.9969953645819, "train_accuracy": 0.9093893588458917, "train_mIoU": 0.7902993232026166, "val_loss": 0.1574556129053235, "val_accuracy": 0.8727176711214111, "val_mIoU": 0.7468060792448556, "_timestamp": 1700175480.6693559, "_runtime": 51294.51394677162, "_step": 49, "_wandb": {"runtime": 51311}}