{"train_loss": 0.47763388422469366, "train_accuracy": 0.905400659366355, "train_mIoU": 0.7822329619236583, "val_loss": 0.8341862431477808, "val_accuracy": 0.859305781430883, "val_mIoU": 0.7185444719523388, "_timestamp": 1692704454.2523592, "_runtime": 13978.955265045166, "_step": 16}