{"train_loss": 0.8996257031405414, "train_accuracy": 0.8768853434809932, "train_mIoU": 0.7678761288448057, "val_loss": 1.8816061704716784, "val_accuracy": 0.726232001122008, "val_mIoU": 0.4030297928014229, "_timestamp": 1692090579.589019, "_runtime": 411.63551902770996, "_step": 49, "_wandb": {"runtime": 417}}