{"train_loss": 0.0016451598157755597, "train_accuracy": 0.7780823686387803, "train_mIoU": 0.38904118431939017, "val_loss": 0.0027735986089796215, "val_accuracy": 0.7230698557092786, "val_mIoU": 0.3615349278546393, "_timestamp": 1692391908.5114067, "_runtime": 61823.33696460724, "_step": 13}