{"train_loss": 1.1152575184680797, "train_accuracy": 0.8066158146328396, "train_mIoU": 0.5908069952302561, "val_loss": 1.3999261391714446, "val_accuracy": 0.7383384752293436, "val_mIoU": 0.52705047221307, "_timestamp": 1691830100.8003252, "_runtime": 14142.009889125824, "_step": 32, "_wandb": {"runtime": 14481}}