{"train_loss": 1.507658463937265, "train_accuracy": 0.6798807779947916, "train_mIoU": 0.4940851081284983, "val_loss": 2.571263059656671, "val_accuracy": 0.6456818276263298, "val_mIoU": 0.36685323746830695, "_timestamp": 1692089965.5061483, "_runtime": 444.40327644348145, "_step": 49, "_wandb": {"runtime": 451}}