{"train_loss": 0.5080542343634146, "train_accuracy": 0.5669678228872793, "train_mIoU": 0.35764846397085776, "val_loss": 0.5369451363035973, "val_accuracy": 0.6673980063580452, "val_mIoU": 0.3679112028378586, "_timestamp": 1692161792.436941, "_runtime": 65.92123699188232, "_step": 8, "_wandb": {"runtime": 69}}