{"train_loss": 4243.261921838831, "train_accuracy": 0.7780823686387803, "train_mIoU": 0.38904118431939017, "val_loss": 252.71933285140275, "val_accuracy": 0.7230698557092786, "val_mIoU": 0.3615349278546393, "_timestamp": 1692507524.6323218, "_runtime": 177415.0070898533, "_step": 99, "_wandb": {"runtime": 177426}}