{"train_loss": 1.7395115451018015, "train_accuracy": 0.7780823686387803, "train_mIoU": 0.38904118431939017, "val_loss": 1.915818169132375, "val_accuracy": 0.7230698557092786, "val_mIoU": 0.3615349278546393, "_timestamp": 1692080593.6480796, "_runtime": 1647.566579580307, "_step": 1, "_wandb": {"runtime": 1666}}