{"train_loss": 2.9094880428165197, "train_accuracy": 0.9096785658448544, "train_mIoU": 0.7908719737352785, "val_loss": 0.26641613590571817, "val_accuracy": 0.8656793138394854, "val_mIoU": 0.7365259610499569, "_timestamp": 1700486069.568959, "_runtime": 23513.858097076416, "_step": 15, "_wandb": {"runtime": 23982}}