{"train_loss": 0.5522761830354156, "train_accuracy": 0.6711081149111604, "train_mIoU": 0.3851517649035793, "val_loss": 0.5695869816649041, "val_accuracy": 0.6351048408533989, "val_mIoU": 0.34502648129925073, "_timestamp": 1693540986.843171, "_runtime": 3396.891275882721, "_step": 5, "_wandb": {"runtime": 3900}}