{"train_loss": 0.2356903246118513, "train_accuracy": 0.9828962221362664, "train_mIoU": 0.4914481110681332, "val_loss": 0.22959572321228405, "val_accuracy": 0.9864926658638024, "val_mIoU": 0.4932463329319012, "_timestamp": 1706077486.504811, "_runtime": 150246.7494840622, "_step": 49, "_wandb": {"runtime": 150283}}