{"train_loss": 0.4901516647250564, "train_accuracy": 0.4446318222153103, "train_mIoU": 0.28582452451277796, "val_loss": 0.5178879771543585, "val_accuracy": 0.35537122643512226, "val_mIoU": 0.2020877438783702, "_timestamp": 1692684307.3781269, "_runtime": 66.88658595085144, "_step": 4, "_wandb": {"runtime": 73}}