{"train_loss": 0.003742112290291559, "train_accuracy": 0.37578868865966797, "train_mIoU": 0.2313272265419688, "val_loss": 0.630884464805074, "val_accuracy": 0.2973607573846374, "val_mIoU": 0.1499916249220853, "_timestamp": 1699386864.0962257, "_runtime": 543.8569056987762, "_step": 0, "_wandb": {"runtime": 556}}