{"train_loss": 1.6492526749328331, "train_accuracy": 0.7321578456737377, "train_mIoU": 0.3660789228368688, "val_loss": 1.8337503453501567, "val_accuracy": 0.661273404527277, "val_mIoU": 0.3306367022636385, "_timestamp": 1691985104.3189588, "_runtime": 4513.896206855774, "_step": 9, "_wandb": {"runtime": 4520}}