{"train_loss": 0.2141256845509163, "train_accuracy": 0.8948740814671372, "train_mIoU": 0.7601020383704753, "val_loss": 0.2527757705872258, "val_accuracy": 0.8734825070699056, "val_mIoU": 0.7329093701349418, "_timestamp": 1703265508.0878732, "_runtime": 41884.365750312805, "_step": 49, "_wandb": {"runtime": 41891}}