{"train_loss": 0.5367044789310346, "train_accuracy": 0.6539470741822841, "train_mIoU": 0.4273207450562964, "val_loss": 0.518304894405483, "val_accuracy": 0.6751628130774707, "val_mIoU": 0.4785139360689957, "_timestamp": 1692999387.886776, "_runtime": 53329.86760187149, "_step": 49, "_wandb": {"runtime": 53336}}