{"train_loss": 0.5701927006510752, "train_accuracy": 0.949409692509541, "train_mIoU": 0.8662318734538375, "val_loss": 0.3807805386193172, "val_accuracy": 0.7893295223865445, "val_mIoU": 0.5690408994557561, "_timestamp": 1698085688.2354605, "_runtime": 56184.3577914238, "_step": 49, "_wandb": {"runtime": 56204}}