{"train_loss": 1.4045558572258978, "train_accuracy": 0.9307267491932536, "train_mIoU": 0.8345516396892201, "val_loss": 0.16331222288072209, "val_accuracy": 0.8688349675650548, "val_mIoU": 0.7401044023084038, "_timestamp": 1700091189.4883957, "_runtime": 31263.371151685715, "_step": 29, "_wandb": {"runtime": 31274}}