{"train_loss": 0.5112477408515083, "train_accuracy": 0.44433455997043186, "train_mIoU": 0.28562162005134817, "val_loss": 0.48410656414133435, "val_accuracy": 0.34786889908161567, "val_mIoU": 0.20298431854138016, "_timestamp": 1692161364.7349303, "_runtime": 61.975444316864014, "_step": 1, "_wandb": {"runtime": 65}}