{"train_loss": 2.1773962771580712e-06, "train_accuracy": 1.0, "train_mIoU": 0.5, "val_loss": 2.030077206972888e-06, "val_accuracy": 1.0, "val_mIoU": 0.5, "_timestamp": 1705821091.3309982, "_runtime": 137805.4471871853, "_step": 49, "_wandb": {"runtime": 137973}}