{"train_loss": 0.6715741669509833, "train_accuracy": 0.8391550943531847, "train_mIoU": 0.41957754717659235, "val_loss": 0.6779437329489345, "val_accuracy": 0.8227369425170041, "val_mIoU": 0.41136847125850207, "_timestamp": 1707235558.6390686, "_runtime": 86256.54374265671, "_step": 49, "_wandb": {"runtime": 86256}}