{"train_loss": 0.41652949938736644, "train_accuracy": 0.7661217572846932, "train_mIoU": 0.3830608786423466, "val_loss": 0.4106935079990312, "val_accuracy": 0.7052611534041587, "val_mIoU": 0.35263057670207937, "_timestamp": 1692869537.3734953, "_runtime": 21105.44724535942, "_step": 32, "_wandb": {"runtime": 21359}}