{"train_loss": 0.4265395618368078, "train_accuracy": 0.7780823686387803, "train_mIoU": 0.38904118431939017, "val_loss": 0.42445672999746875, "val_accuracy": 0.7230698557092786, "val_mIoU": 0.3615349278546393, "_timestamp": 1692288303.163943, "_runtime": 122734.16933703423, "_step": 99, "_wandb": {"runtime": 122743}}