{"train_loss": 0.4226466805405087, "train_accuracy": 0.7780823686387803, "train_mIoU": 0.38904118431939017, "val_loss": 0.42039888161350025, "val_accuracy": 0.7230698557092786, "val_mIoU": 0.3615349278546393, "_timestamp": 1692175916.51418, "_runtime": 10347.519573926926, "_step": 6}