{"train_loss": 2.574761916525089, "train_accuracy": 0.8814900091937676, "train_mIoU": 0.7357958358845689, "val_loss": 0.18789287694031373, "val_accuracy": 0.8700808556874593, "val_mIoU": 0.7233306629957355, "_timestamp": 1701995428.0628324, "_runtime": 36272.15206241608, "_step": 29, "_wandb": {"runtime": 36280}}