{"train_loss": 0.6427621956666311, "train_accuracy": 0.8944811941076208, "train_mIoU": 0.7650032437937451, "val_loss": 0.6792857373391852, "val_accuracy": 0.8851780893406107, "val_mIoU": 0.7702887287796758, "_timestamp": 1692000094.0159001, "_runtime": 14941.630670070648, "_step": 34, "_wandb": {"runtime": 15143}}