{"train_loss": 8406.487160011575, "train_accuracy": 0.4620661558928313, "train_mIoU": 0.30044328346419635, "val_loss": 1101.695135887633, "val_accuracy": 0.3878021240234375, "val_mIoU": 0.23901287620169778, "_timestamp": 1692330030.7627015, "_runtime": 117.34836053848267, "_step": 8, "_wandb": {"runtime": 124}}