{"train_loss": 0.5369631694891103, "train_accuracy": 0.6559305922440095, "train_mIoU": 0.42936849064253163, "val_loss": 0.5200947206279244, "val_accuracy": 0.6699787486683239, "val_mIoU": 0.4710408351979193, "_timestamp": 1693189536.5128307, "_runtime": 3920.774828672409, "_step": 5, "_wandb": {"runtime": 4197}}