{"train_loss": 0.3813951743973626, "train_accuracy": 0.5658789387455693, "train_mIoU": 0.3559165413154718, "val_loss": 0.38371952163412215, "val_accuracy": 0.6137640121135306, "val_mIoU": 0.3663532003750276, "_timestamp": 1692163336.7963176, "_runtime": 65.03103065490723, "_step": 4, "_wandb": {"runtime": 70}}