{"train_loss": 0.4430844434807018, "train_accuracy": 0.46428522687256224, "train_mIoU": 0.2906711569585314, "val_loss": 0.4117131238923628, "val_accuracy": 0.46196199712992164, "val_mIoU": 0.2967082433858133, "_timestamp": 1692685542.7409356, "_runtime": 1208.967842578888, "_step": 0, "_wandb": {"runtime": 1485}}