{"train_loss": 0.44461663962079484, "train_accuracy": 0.6516476615822988, "train_mIoU": 0.4244167741561554, "val_loss": 0.44846132572000275, "val_accuracy": 0.6719026918764468, "val_mIoU": 0.4750093350979365, "_timestamp": 1692995742.3656301, "_runtime": 54185.64522409439, "_step": 49, "_wandb": {"runtime": 54193}}