{"train_loss": 0.013908792563058712, "train_accuracy": 0.5333584326284903, "train_mIoU": 0.34121881351194855, "val_loss": 0.029387496253277395, "val_accuracy": 0.3687990878490692, "val_mIoU": 0.2224693431197673, "_timestamp": 1692258093.0866342, "_runtime": 129.1749141216278, "_step": 4, "_wandb": {"runtime": 134}}