{"train_loss": 2.5587004268808022, "train_accuracy": 0.7354129167668314, "train_mIoU": 0.5139535078440296, "val_loss": 0.36635469166743834, "val_accuracy": 0.8033221691144435, "val_mIoU": 0.6136735752092176, "_timestamp": 1701775101.3158872, "_runtime": 3476.8066532611847, "_step": 0, "_wandb": {"runtime": 5035}}