{"train_loss": 0.4293241772166005, "train_accuracy": 0.7768638095149287, "train_mIoU": 0.38964296391560754, "val_loss": 0.4244642737545702, "val_accuracy": 0.7214671518683905, "val_mIoU": 0.3622479900449971, "_timestamp": 1692163868.5386932, "_runtime": 2037.3616461753845, "_step": 2}